hand,draws_left,best_draw,hand_after,bet_model,value_heuristic,position,num_cards_kept,num_opponent_kept,action,pot_size,bet_size,pot_odds,bet_this_hand,actions_this_round,actions_full_hand,total_bet,result,margin_bet,margin_result,current_margin_result,future_margin_result
hand,draws_left,best_draw,hand_after,bet_model,value_heuristic,position,num_cards_kept,num_opponent_kept,action,pot_size,bet_size,pot_odds,bet_this_hand,actions_this_round,actions_full_hand,total_bet,result,margin_bet,margin_result,current_margin_result,future_margin_result
"[8h,6s,6h,Ts,Td]",3,,,man,0.3,0,0,0,pos_BB,0.0,100,0.0,0.0,,,1000.0,2000.0,1000.0,1000.0,0.0,1000.0
"[Ks,5d,8d,6c,Js]",3,,,CNN_45,0.3,1,0,0,pos_SB,100.0,50,2.0,0.0,,,1000.0,0.0,1000.0,-1000.0,-50,-950.0
"[Ks,5d,8d,6c,Js]",3,,,CNN_45,0.41100603632999005,1,0,0,raise_small,150.0,150.0,1.0,50.0,,,1000.0,0.0,950.0,-950.0,-150.0,-800.0
"[8h,6s,6h,Ts,Td]",3,,,man,0.3,0,0,0,call_small,300.0,100.0,3.0,100.0,1,1,1000.0,2000.0,900.0,1100.0,300.0,800.0
"[8h,6s,6h,Ts,Td]",3,[6s],"[6s,7d,4h,2h,Jh]",man,0.3,0,0,0,draw,400.0,0,0.0,200.0,,10,1000.0,2000.0,800.0,1200.0,400.0,800.0
"[Ks,5d,8d,6c,Js]",3,"[5d,8d,6c]","[5d,8d,6c,9s,3d]",CNN_45,0.41100603632999005,1,0,0,draw,400.0,0,0.0,200.0,,10,1000.0,0.0,800.0,-800.0,0,-800.0
"[6s,7d,4h,2h,Jh]",2,,,man,0.3,0,1,3,check,400.0,0,0.0,200.0,,10,1000.0,2000.0,800.0,1200.0,400.0,800.0
"[5d,8d,6c,9s,3d]",2,,,CNN_45,0.43480389368867223,1,3,1,bet_small,400.0,100.0,4.0,200.0,0,100,1000.0,0.0,800.0,-800.0,-100.0,-700.0
"[6s,7d,4h,2h,Jh]",2,,,man,0.3,0,1,3,raise_small,500.0,200.0,2.5,200.0,01,1001,1000.0,2000.0,800.0,1200.0,500.0,700.0
"[5d,8d,6c,9s,3d]",2,,,CNN_45,0.43480389368867223,1,3,1,raise_small,700.0,200.0,3.5,300.0,011,10011,1000.0,0.0,700.0,-700.0,-200.0,-500.0
"[6s,7d,4h,2h,Jh]",2,,,man,0.3,0,1,3,raise_small,900.0,200.0,4.5,400.0,0111,100111,1000.0,2000.0,600.0,1400.0,900.0,500.0
"[5d,8d,6c,9s,3d]",2,,,CNN_45,0.43480389368867223,1,3,1,call_small,1100.0,100.0,11.0,500.0,01111,1001111,1000.0,0.0,500.0,-500.0,-100.0,-400.0
"[6s,7d,4h,2h,Jh]",2,"[6s,7d,4h,2h]","[6s,7d,4h,2h,Jc]",man,0.3,0,0,0,draw,1200.0,0,0.0,600.0,,10011110,1000.0,2000.0,400.0,1600.0,1200.0,400.0
"[5d,8d,6c,9s,3d]",2,"[5d,8d,6c,9s,3d]","[5d,8d,6c,9s,3d]",CNN_45,0.43480389368867223,1,0,0,draw,1200.0,0,0.0,600.0,,10011110,1000.0,0.0,400.0,-400.0,0,-400.0
"[6s,7d,4h,2h,Jc]",1,,,man,0.3,0,4,5,check,1200.0,0,0.0,600.0,,10011110,1000.0,2000.0,400.0,1600.0,1200.0,400.0
"[5d,8d,6c,9s,3d]",1,,,CNN_45,0.42333123826367608,1,5,4,check,1200.0,0,0.0,600.0,0,100111100,1000.0,0.0,400.0,-400.0,0,-400.0
"[6s,7d,4h,2h,Jc]",1,"[6s,7d,4h,2h]","[6s,7d,4h,2h,9c]",man,0.3,0,0,0,draw,1200.0,0,0.0,600.0,,1001111000,1000.0,2000.0,400.0,1600.0,1200.0,400.0
"[5d,8d,6c,9s,3d]",1,"[5d,8d,6c,9s,3d]","[5d,8d,6c,9s,3d]",CNN_45,0.42333123826367608,1,0,0,draw,1200.0,0,0.0,600.0,,1001111000,1000.0,0.0,400.0,-400.0,0,-400.0
"[6s,7d,4h,2h,9c]",0,,,man,0.3,0,4,5,bet_big,1200.0,200.0,6.0,600.0,,1001111000,1000.0,2000.0,400.0,1600.0,1200.0,400.0
"[5d,8d,6c,9s,3d]",0,,,CNN_45,0.42333123826367608,1,5,4,raise_big,1400.0,400.0,3.5,600.0,1,10011110001,1000.0,0.0,400.0,-400.0,-400.0,0.0
"[6s,7d,4h,2h,9c]",0,,,man,0.3,0,4,5,call_big,1800.0,200.0,9.0,800.0,11,100111100011,1000.0,2000.0,200.0,1800.0,1800.0,0.0
"[Td,2d,9s,2s,Kh]",3,,,CNN_45,0.3,0,0,0,pos_BB,0.0,100,0.0,0.0,,,100.0,0.0,100.0,-100.0,-100,0.0
"[Ac,8h,4c,2c,Qd]",3,,,man,0.3,1,0,0,pos_SB,100.0,50,2.0,0.0,,,200.0,300.0,200.0,100.0,100.0,0.0
"[Ac,8h,4c,2c,Qd]",3,,,man,0.3,1,0,0,raise_small,150.0,150.0,1.0,50.0,,,200.0,300.0,150.0,150.0,150.0,0.0
"[Td,2d,9s,2s,Kh]",3,,,CNN_45,0.33732687440971054,0,0,0,FOLD,300.0,0,0.0,100.0,1,1,100.0,0.0,0.0,0.0,0,0
"[Ts,3s,6h,Jh,8d]",3,,,man,0.3,0,0,0,pos_BB,0.0,100,0.0,0.0,,,400.0,700.0,400.0,300.0,0.0,300.0
"[6d,Jc,9d,6s,Js]",3,,,CNN_45,0.3,1,0,0,pos_SB,100.0,50,2.0,0.0,,,300.0,0.0,300.0,-300.0,-50,-250.0
"[6d,Jc,9d,6s,Js]",3,,,CNN_45,0.3219560974671517,1,0,0,call_small,150.0,50.0,3.0,50.0,,,300.0,0.0,250.0,-250.0,-50.0,-200.0
"[Ts,3s,6h,Jh,8d]",3,,,man,0.3,0,0,0,raise_small,200.0,100.0,2.0,100.0,0,0,400.0,700.0,300.0,400.0,200.0,200.0
"[6d,Jc,9d,6s,Js]",3,,,CNN_45,0.3219560974671517,1,0,0,raise_small,300.0,200.0,1.5,100.0,01,01,300.0,0.0,200.0,-200.0,-200.0,0.0
"[Ts,3s,6h,Jh,8d]",3,,,man,0.3,0,0,0,call_small,500.0,100.0,5.0,200.0,011,011,400.0,700.0,200.0,500.0,500.0,0.0
"[Ts,3s,6h,Jh,8d]",3,"[3s,6h,8d]","[3s,6h,8d,3h,3d]",man,0.3,0,0,0,draw,600.0,0,0.0,300.0,,0110,400.0,700.0,100.0,600.0,600.0,0.0
"[6d,Jc,9d,6s,Js]",3,"[9d,6s]","[9d,6s,Ad,Qc,Td]",CNN_45,0.3219560974671517,1,0,0,draw,600.0,0,0.0,300.0,,0110,300.0,0.0,0.0,0.0,0,0
"[3s,6h,8d,3h,3d]",2,,,man,0.3,0,3,2,bet_small,600.0,100.0,6.0,300.0,,0110,400.0,700.0,100.0,600.0,600.0,0.0
"[9d,6s,Ad,Qc,Td]",2,,,CNN_45,0.22110773450454804,1,2,3,FOLD,700.0,0,0.0,300.0,1,01101,300.0,0.0,0.0,0.0,0,0
"[3s,9c,Th,Qs,Tc]",3,,,CNN_45,0.3,0,0,0,pos_BB,0.0,100,0.0,0.0,,,600.0,0.0,600.0,-600.0,-100,-500.0
"[Jc,3h,Jd,2h,Kc]",3,,,man,0.3,1,0,0,pos_SB,100.0,50,2.0,0.0,,,600.0,1200.0,600.0,600.0,100.0,500.0
"[Jc,3h,Jd,2h,Kc]",3,,,man,0.3,1,0,0,call_small,150.0,50.0,3.0,50.0,,,600.0,1200.0,550.0,650.0,150.0,500.0
"[3s,9c,Th,Qs,Tc]",3,,,CNN_45,0.33410042251469357,0,0,0,check,200.0,0,0.0,100.0,0,0,600.0,0.0,500.0,-500.0,0,-500.0
"[3s,9c,Th,Qs,Tc]",3,"[3s,9c]","[3s,9c,5s,5c,6c]",CNN_45,0.33410042251469357,0,0,0,draw,200.0,0,0.0,100.0,,00,600.0,0.0,500.0,-500.0,0,-500.0
"[Jc,3h,Jd,2h,Kc]",3,"[3h,2h]","[3h,2h,6h,Ah,4h]",man,0.3,1,0,0,draw,200.0,0,0.0,100.0,,00,600.0,1200.0,500.0,700.0,200.0,500.0
"[3s,9c,5s,5c,6c]",2,,,CNN_45,0.3762978501031824,0,2,2,bet_small,200.0,100.0,2.0,100.0,,00,600.0,0.0,500.0,-500.0,-100.0,-400.0
"[3h,2h,6h,Ah,4h]",2,,,man,0.3,1,2,2,call_small,300.0,100.0,3.0,100.0,1,001,600.0,1200.0,500.0,700.0,300.0,400.0
"[3s,9c,5s,5c,6c]",2,"[3s,9c,5c,6c]","[3s,9c,5c,6c,Js]",CNN_45,0.3762978501031824,0,0,0,draw,400.0,0,0.0,200.0,,0010,600.0,0.0,400.0,-400.0,0,-400.0
"[3h,2h,6h,Ah,4h]",2,"[3h,2h,6h,4h]","[3h,2h,6h,4h,3c]",man,0.3,1,0,0,draw,400.0,0,0.0,200.0,,0010,600.0,1200.0,400.0,800.0,400.0,400.0
"[3s,9c,5c,6c,Js]",1,,,CNN_45,0.24798009004364563,0,4,4,check,400.0,0,0.0,200.0,,0010,600.0,0.0,400.0,-400.0,0,-400.0
"[3h,2h,6h,4h,3c]",1,,,man,0.3,1,4,4,bet_big,400.0,200.0,2.0,200.0,0,00100,600.0,1200.0,400.0,800.0,400.0,400.0
"[3s,9c,5c,6c,Js]",1,,,CNN_45,0.24798009004364563,0,4,4,call_big,600.0,200.0,3.0,200.0,01,001001,600.0,0.0,400.0,-400.0,-200.0,-200.0
"[3s,9c,5c,6c,Js]",1,"[3s,9c,5c,6c]","[3s,9c,5c,6c,7h]",CNN_45,0.24798009004364563,0,0,0,draw,800.0,0,0.0,400.0,,0010010,600.0,0.0,200.0,-200.0,0,-200.0
"[3h,2h,6h,4h,3c]",1,"[2h,6h,4h,3c]","[2h,6h,4h,3c,8c]",man,0.3,1,0,0,draw,800.0,0,0.0,400.0,,0010010,600.0,1200.0,200.0,1000.0,800.0,200.0
"[3s,9c,5c,6c,7h]",0,,,CNN_45,0.58348210300494563,0,4,4,check,800.0,0,0.0,400.0,,0010010,600.0,0.0,200.0,-200.0,0,-200.0
"[2h,6h,4h,3c,8c]",0,,,man,0.3,1,4,4,bet_big,800.0,200.0,4.0,400.0,0,00100100,600.0,1200.0,200.0,1000.0,800.0,200.0
"[3s,9c,5c,6c,7h]",0,,,CNN_45,0.58348210300494563,0,4,4,call_big,1000.0,200.0,5.0,400.0,01,001001001,600.0,0.0,200.0,-200.0,-200.0,0.0
"[4s,3s,Qd,3c,7h]",3,,,man,0.3,0,0,0,pos_BB,0.0,100,0.0,0.0,,,700.0,1400.0,700.0,700.0,0.0,700.0
"[6c,Qc,5h,Jc,2d]",3,,,CNN_45,0.3,1,0,0,pos_SB,100.0,50,2.0,0.0,,,700.0,0.0,700.0,-700.0,-50,-650.0
"[6c,Qc,5h,Jc,2d]",3,,,CNN_45,0.47181003620262463,1,0,0,call_small,150.0,50.0,3.0,50.0,,,700.0,0.0,650.0,-650.0,-50.0,-600.0
"[4s,3s,Qd,3c,7h]",3,,,man,0.3,0,0,0,raise_small,200.0,100.0,2.0,100.0,0,0,700.0,1400.0,600.0,800.0,200.0,600.0
"[6c,Qc,5h,Jc,2d]",3,,,CNN_45,0.47181003620262463,1,0,0,call_small,300.0,100.0,3.0,100.0,01,01,700.0,0.0,600.0,-600.0,-100.0,-500.0
"[4s,3s,Qd,3c,7h]",3,"[4s,3s,7h]","[4s,3s,7h,Ah,9s]",man,0.3,0,0,0,draw,400.0,0,0.0,200.0,,010,700.0,1400.0,500.0,900.0,400.0,500.0
"[6c,Qc,5h,Jc,2d]",3,"[6c,5h,2d]","[6c,5h,2d,6s,3h]",CNN_45,0.47181003620262463,1,0,0,draw,400.0,0,0.0,200.0,,010,700.0,0.0,500.0,-500.0,0,-500.0
"[4s,3s,7h,Ah,9s]",2,,,man,0.3,0,3,3,bet_small,400.0,100.0,4.0,200.0,,010,700.0,1400.0,500.0,900.0,400.0,500.0
"[6c,5h,2d,6s,3h]",2,,,CNN_45,0.46597959420859081,1,3,3,call_small,500.0,100.0,5.0,200.0,1,0101,700.0,0.0,500.0,-500.0,-100.0,-400.0
"[4s,3s,7h,Ah,9s]",2,"[4s,3s,7h,9s]","[4s,3s,7h,9s,8h]",man,0.3,0,0,0,draw,600.0,0,0.0,300.0,,01010,700.0,1400.0,400.0,1000.0,600.0,400.0
"[6c,5h,2d,6s,3h]",2,"[6c,5h,2d,3h]","[6c,5h,2d,3h,Jd]",CNN_45,0.46597959420859081,1,0,0,draw,600.0,0,0.0,300.0,,01010,700.0,0.0,400.0,-400.0,0,-400.0
"[4s,3s,7h,9s,8h]",1,,,man,0.3,0,4,4,bet_big,600.0,200.0,3.0,300.0,,01010,700.0,1400.0,400.0,1000.0,600.0,400.0
"[6c,5h,2d,3h,Jd]",1,,,CNN_45,0.29470403765149877,1,4,4,call_big,800.0,200.0,4.0,300.0,1,010101,700.0,0.0,400.0,-400.0,-200.0,-200.0
"[4s,3s,7h,9s,8h]",1,"[4s,3s,7h,9s,8h]","[4s,3s,7h,9s,8h]",man,0.3,0,0,0,draw,1000.0,0,0.0,500.0,,0101010,700.0,1400.0,200.0,1200.0,1000.0,200.0
"[6c,5h,2d,3h,Jd]",1,"[6c,5h,2d,3h]","[6c,5h,2d,3h,Qh]",CNN_45,0.29470403765149877,1,0,0,draw,1000.0,0,0.0,500.0,,0101010,700.0,0.0,200.0,-200.0,0,-200.0
"[4s,3s,7h,9s,8h]",0,,,man,0.3,0,5,4,check,1000.0,0,0.0,500.0,,0101010,700.0,1400.0,200.0,1200.0,1000.0,200.0
"[6c,5h,2d,3h,Qh]",0,,,CNN_45,0.098890441564488604,1,4,5,bet_big,1000.0,200.0,5.0,500.0,0,01010100,700.0,0.0,200.0,-200.0,-200.0,0.0
"[4s,3s,7h,9s,8h]",0,,,man,0.3,0,5,4,call_big,1200.0,200.0,6.0,500.0,01,010101001,700.0,1400.0,200.0,1200.0,1200.0,0.0
"[Td,3h,As,9c,8h]",3,,,CNN_45,0.3,0,0,0,pos_BB,0.0,100,0.0,0.0,,,200.0,0.0,200.0,-200.0,-100,-100.0
"[7c,6d,4h,2h,8d]",3,,,man,0.3,1,0,0,pos_SB,100.0,50,2.0,0.0,,,300.0,500.0,300.0,200.0,100.0,100.0
"[7c,6d,4h,2h,8d]",3,,,man,0.3,1,0,0,raise_small,150.0,150.0,1.0,50.0,,,300.0,500.0,250.0,250.0,150.0,100.0
"[Td,3h,As,9c,8h]",3,,,CNN_45,0.33901425999772045,0,0,0,call_small,300.0,100.0,3.0,100.0,1,1,200.0,0.0,100.0,-100.0,-100.0,0.0
"[Td,3h,As,9c,8h]",3,"[3h,8h]","[3h,8h,4d,Qc,Ac]",CNN_45,0.33901425999772045,0,0,0,draw,400.0,0,0.0,200.0,,10,200.0,0.0,0.0,0.0,0,0
"[7c,6d,4h,2h,8d]",3,"[7c,6d,4h,2h,8d]","[7c,6d,4h,2h,8d]",man,0.3,1,0,0,draw,400.0,0,0.0,200.0,,10,300.0,500.0,100.0,400.0,400.0,0.0
"[3h,8h,4d,Qc,Ac]",2,,,CNN_45,0.32832535421969944,0,2,5,check,400.0,0,0.0,200.0,,10,200.0,0.0,0.0,0.0,0,0
"[7c,6d,4h,2h,8d]",2,,,man,0.3,1,5,2,bet_small,400.0,100.0,4.0,200.0,0,100,300.0,500.0,100.0,400.0,400.0,0.0
"[3h,8h,4d,Qc,Ac]",2,,,CNN_45,0.32832535421969944,0,2,5,FOLD,500.0,0,0.0,200.0,01,1001,200.0,0.0,0.0,0.0,0,0
"[2h,3s,9s,Ac,5s]",3,,,man,0.3,0,0,0,pos_BB,0.0,100,0.0,0.0,,,100.0,150.0,100.0,50.0,0.0,50.0
"[7h,Ts,7d,Qs,Jh]",3,,,CNN_45,0.3,1,0,0,pos_SB,100.0,50,2.0,0.0,,,50.0,0.0,50.0,-50.0,-50,0.0
"[7h,Ts,7d,Qs,Jh]",3,,,CNN_45,0.31129443508796528,1,0,0,FOLD,150.0,0,0.0,50.0,,,50.0,0.0,0.0,0.0,0,0
"[Ah,Qd,Jc,2c,6s]",3,,,CNN_45,0.3,0,0,0,pos_BB,0.0,100,0.0,0.0,,,500.0,0.0,500.0,-500.0,-100,-400.0
"[7d,Jh,Ts,8c,9c]",3,,,man,0.3,1,0,0,pos_SB,100.0,50,2.0,0.0,,,700.0,1200.0,700.0,500.0,100.0,400.0
"[7d,Jh,Ts,8c,9c]",3,,,man,0.3,1,0,0,call_small,150.0,50.0,3.0,50.0,,,700.0,1200.0,650.0,550.0,150.0,400.0
"[Ah,Qd,Jc,2c,6s]",3,,,CNN_45,0.38308661187451831,0,0,0,check,200.0,0,0.0,100.0,0,0,500.0,0.0,400.0,-400.0,0,-400.0
"[Ah,Qd,Jc,2c,6s]",3,"[2c,6s]","[2c,6s,Kh,5c,9d]",CNN_45,0.38308661187451831,0,0,0,draw,200.0,0,0.0,100.0,,00,500.0,0.0,400.0,-400.0,0,-400.0
"[7d,Jh,Ts,8c,9c]",3,"[7d,8c]","[7d,8c,3h,5h,4c]",man,0.3,1,0,0,draw,200.0,0,0.0,100.0,,00,700.0,1200.0,600.0,600.0,200.0,400.0
"[2c,6s,Kh,5c,9d]",2,,,CNN_45,0.39086250630086405,0,2,2,bet_small,200.0,100.0,2.0,100.0,,00,500.0,0.0,400.0,-400.0,-100.0,-300.0
"[7d,8c,3h,5h,4c]",2,,,man,0.3,1,2,2,raise_small,300.0,200.0,1.5,100.0,1,001,700.0,1200.0,600.0,600.0,300.0,300.0
"[2c,6s,Kh,5c,9d]",2,,,CNN_45,0.39086250630086405,0,2,2,raise_small,500.0,200.0,2.5,200.0,11,0011,500.0,0.0,300.0,-300.0,-200.0,-100.0
"[7d,8c,3h,5h,4c]",2,,,man,0.3,1,2,2,raise_small,700.0,200.0,3.5,300.0,111,00111,700.0,1200.0,400.0,800.0,700.0,100.0
"[2c,6s,Kh,5c,9d]",2,,,CNN_45,0.39086250630086405,0,2,2,call_small,900.0,100.0,9.0,400.0,1111,001111,500.0,0.0,100.0,-100.0,-100.0,0.0
"[2c,6s,Kh,5c,9d]",2,"[2c,6s,5c,9d]","[2c,6s,5c,9d,Qh]",CNN_45,0.39086250630086405,0,0,0,draw,1000.0,0,0.0,500.0,,0011110,500.0,0.0,0.0,0.0,0,0
"[7d,8c,3h,5h,4c]",2,"[7d,8c,3h,5h,4c]","[7d,8c,3h,5h,4c]",man,0.3,1,0,0,draw,1000.0,0,0.0,500.0,,0011110,700.0,1200.0,200.0,1000.0,1000.0,0.0
"[2c,6s,5c,9d,Qh]",1,,,CNN_45,0.26159095480988626,0,4,5,check,1000.0,0,0.0,500.0,,0011110,500.0,0.0,0.0,0.0,0,0
"[7d,8c,3h,5h,4c]",1,,,man,0.3,1,5,4,bet_big,1000.0,200.0,5.0,500.0,0,00111100,700.0,1200.0,200.0,1000.0,1000.0,0.0
"[2c,6s,5c,9d,Qh]",1,,,CNN_45,0.26159095480988626,0,4,5,FOLD,1200.0,0,0.0,500.0,01,001111001,500.0,0.0,0.0,0.0,0,0
"[3s,4s,Qs,Jh,7c]",3,,,man,0.3,0,0,0,pos_BB,0.0,100,0.0,0.0,,,400.0,700.0,400.0,300.0,0.0,300.0
"[8d,3h,Ad,9d,Kd]",3,,,CNN_45,0.3,1,0,0,pos_SB,100.0,50,2.0,0.0,,,300.0,0.0,300.0,-300.0,-50,-250.0
"[8d,3h,Ad,9d,Kd]",3,,,CNN_45,0.36047722940643284,1,0,0,raise_small,150.0,150.0,1.0,50.0,,,300.0,0.0,250.0,-250.0,-150.0,-100.0
"[3s,4s,Qs,Jh,7c]",3,,,man,0.3,0,0,0,raise_small,300.0,200.0,1.5,100.0,1,1,400.0,700.0,300.0,400.0,300.0,100.0
"[8d,3h,Ad,9d,Kd]",3,,,CNN_45,0.36047722940643284,1,0,0,call_small,500.0,100.0,5.0,200.0,11,11,300.0,0.0,100.0,-100.0,-100.0,0.0
"[3s,4s,Qs,Jh,7c]",3,"[3s,4s,7c]","[3s,4s,7c,8h,2c]",man,0.3,0,0,0,draw,600.0,0,0.0,300.0,,110,400.0,700.0,100.0,600.0,600.0,0.0
"[8d,3h,Ad,9d,Kd]",3,"[8d,3h,9d]","[8d,3h,9d,5c,6d]",CNN_45,0.36047722940643284,1,0,0,draw,600.0,0,0.0,300.0,,110,300.0,0.0,0.0,0.0,0,0
"[3s,4s,7c,8h,2c]",2,,,man,0.3,0,3,3,bet_small,600.0,100.0,6.0,300.0,,110,400.0,700.0,100.0,600.0,600.0,0.0
"[8d,3h,9d,5c,6d]",2,,,CNN_45,0.5179746963837828,1,3,3,FOLD,700.0,0,0.0,300.0,1,1101,300.0,0.0,0.0,0.0,0,0
"[6h,Kc,Jh,7h,Jc]",3,,,CNN_45,0.3,0,0,0,pos_BB,0.0,100,0.0,0.0,,,100.0,0.0,100.0,-100.0,-100,0.0
"[3s,2c,8d,5h,2s]",3,,,man,0.3,1,0,0,pos_SB,100.0,50,2.0,0.0,,,200.0,300.0,200.0,100.0,100.0,0.0
"[3s,2c,8d,5h,2s]",3,,,man,0.3,1,0,0,raise_small,150.0,150.0,1.0,50.0,,,200.0,300.0,150.0,150.0,150.0,0.0
"[6h,Kc,Jh,7h,Jc]",3,,,CNN_45,0.36274305264345308,0,0,0,FOLD,300.0,0,0.0,100.0,1,1,100.0,0.0,0.0,0.0,0,0
"[4c,Js,2d,7s,9d]",3,,,man,0.3,0,0,0,pos_BB,0.0,100,0.0,0.0,,,400.0,700.0,400.0,300.0,0.0,300.0
"[Ad,6s,5s,Kd,6h]",3,,,CNN_45,0.3,1,0,0,pos_SB,100.0,50,2.0,0.0,,,300.0,0.0,300.0,-300.0,-50,-250.0
"[Ad,6s,5s,Kd,6h]",3,,,CNN_45,0.3553459782640534,1,0,0,raise_small,150.0,150.0,1.0,50.0,,,300.0,0.0,250.0,-250.0,-150.0,-100.0
"[4c,Js,2d,7s,9d]",3,,,man,0.3,0,0,0,raise_small,300.0,200.0,1.5,100.0,1,1,400.0,700.0,300.0,400.0,300.0,100.0
"[Ad,6s,5s,Kd,6h]",3,,,CNN_45,0.3553459782640534,1,0,0,call_small,500.0,100.0,5.0,200.0,11,11,300.0,0.0,100.0,-100.0,-100.0,0.0
"[4c,Js,2d,7s,9d]",3,"[4c,2d,7s]","[4c,2d,7s,Jd,6c]",man,0.3,0,0,0,draw,600.0,0,0.0,300.0,,110,400.0,700.0,100.0,600.0,600.0,0.0
"[Ad,6s,5s,Kd,6h]",3,"[6s,5s]","[6s,5s,Ts,Ac,8d]",CNN_45,0.3553459782640534,1,0,0,draw,600.0,0,0.0,300.0,,110,300.0,0.0,0.0,0.0,0,0
"[4c,2d,7s,Jd,6c]",2,,,man,0.3,0,3,2,bet_small,600.0,100.0,6.0,300.0,,110,400.0,700.0,100.0,600.0,600.0,0.0
"[6s,5s,Ts,Ac,8d]",2,,,CNN_45,0.28023774092872389,1,2,3,FOLD,700.0,0,0.0,300.0,1,1101,300.0,0.0,0.0,0.0,0,0
"[4s,Td,7s,7d,5s]",3,,,CNN_45,0.3,0,0,0,pos_BB,0.0,100,0.0,0.0,,,900.0,0.0,900.0,-900.0,-100,-800.0
"[2d,8h,Qs,3c,Jh]",3,,,man,0.3,1,0,0,pos_SB,100.0,50,2.0,0.0,,,900.0,1800.0,900.0,900.0,100.0,800.0
"[2d,8h,Qs,3c,Jh]",3,,,man,0.3,1,0,0,raise_small,150.0,150.0,1.0,50.0,,,900.0,1800.0,850.0,950.0,150.0,800.0
"[4s,Td,7s,7d,5s]",3,,,CNN_45,0.42548823426763194,0,0,0,call_small,300.0,100.0,3.0,100.0,1,1,900.0,0.0,800.0,-800.0,-100.0,-700.0
"[4s,Td,7s,7d,5s]",3,"[4s,7s,5s]","[4s,7s,5s,9h,4h]",CNN_45,0.42548823426763194,0,0,0,draw,400.0,0,0.0,200.0,,10,900.0,0.0,700.0,-700.0,0,-700.0
"[2d,8h,Qs,3c,Jh]",3,"[2d,8h,3c]","[2d,8h,3c,7c,Qc]",man,0.3,1,0,0,draw,400.0,0,0.0,200.0,,10,900.0,1800.0,700.0,1100.0,400.0,700.0
"[4s,7s,5s,9h,4h]",2,,,CNN_45,0.32933446603445782,0,3,3,bet_small,400.0,100.0,4.0,200.0,,10,900.0,0.0,700.0,-700.0,-100.0,-600.0
"[2d,8h,3c,7c,Qc]",2,,,man,0.3,1,3,3,call_small,500.0,100.0,5.0,200.0,1,101,900.0,1800.0,700.0,1100.0,500.0,600.0
"[4s,7s,5s,9h,4h]",2,"[4s,7s,5s,9h]","[4s,7s,5s,9h,8c]",CNN_45,0.32933446603445782,0,0,0,draw,600.0,0,0.0,300.0,,1010,900.0,0.0,600.0,-600.0,0,-600.0
"[2d,8h,3c,7c,Qc]",2,"[2d,8h,3c,7c]","[2d,8h,3c,7c,8s]",man,0.3,1,0,0,draw,600.0,0,0.0,300.0,,1010,900.0,1800.0,600.0,1200.0,600.0,600.0
"[4s,7s,5s,9h,8c]",1,,,CNN_45,0.39664938778700193,0,4,4,bet_big,600.0,200.0,3.0,300.0,,1010,900.0,0.0,600.0,-600.0,-200.0,-400.0
"[2d,8h,3c,7c,8s]",1,,,man,0.3,1,4,4,call_big,800.0,200.0,4.0,300.0,1,10101,900.0,1800.0,600.0,1200.0,800.0,400.0
"[4s,7s,5s,9h,8c]",1,"[4s,7s,5s,9h,8c]","[4s,7s,5s,9h,8c]",CNN_45,0.39664938778700193,0,0,0,draw,1000.0,0,0.0,500.0,,101010,900.0,0.0,400.0,-400.0,0,-400.0
"[2d,8h,3c,7c,8s]",1,"[2d,8h,3c,7c]","[2d,8h,3c,7c,5h]",man,0.3,1,0,0,draw,1000.0,0,0.0,500.0,,101010,900.0,1800.0,400.0,1400.0,1000.0,400.0
"[4s,7s,5s,9h,8c]",0,,,CNN_45,0.39664938778700193,0,5,4,bet_big,1000.0,200.0,5.0,500.0,,101010,900.0,0.0,400.0,-400.0,-200.0,-200.0
"[2d,8h,3c,7c,5h]",0,,,man,0.3,1,4,5,raise_big,1200.0,400.0,3.0,500.0,1,1010101,900.0,1800.0,400.0,1400.0,1200.0,200.0
"[4s,7s,5s,9h,8c]",0,,,CNN_45,0.39664938778700193,0,5,4,call_big,1600.0,200.0,8.0,700.0,11,10101011,900.0,0.0,200.0,-200.0,-200.0,0.0
"[5c,6s,2c,Ts,Td]",3,,,man,0.3,0,0,0,pos_BB,0.0,100,0.0,0.0,,,1000.0,0.0,1000.0,-1000.0,-100,-900.0
"[4s,9s,3d,Th,7h]",3,,,CNN_45,0.3,1,0,0,pos_SB,100.0,50,2.0,0.0,,,1000.0,2000.0,1000.0,1000.0,100.0,900.0
"[4s,9s,3d,Th,7h]",3,,,CNN_45,0.45080090745566165,1,0,0,raise_small,150.0,150.0,1.0,50.0,,,1000.0,2000.0,950.0,1050.0,150.0,900.0
"[5c,6s,2c,Ts,Td]",3,,,man,0.3,0,0,0,call_small,300.0,100.0,3.0,100.0,1,1,1000.0,0.0,900.0,-900.0,-100.0,-800.0
"[5c,6s,2c,Ts,Td]",3,"[5c,6s,2c]","[5c,6s,2c,7d,Kd]",man,0.3,0,0,0,draw,400.0,0,0.0,200.0,,10,1000.0,0.0,800.0,-800.0,0,-800.0
"[4s,9s,3d,Th,7h]",3,"[4s,9s,3d,7h]","[4s,9s,3d,7h,9d]",CNN_45,0.45080090745566165,1,0,0,draw,400.0,0,0.0,200.0,,10,1000.0,2000.0,800.0,1200.0,400.0,800.0
"[5c,6s,2c,7d,Kd]",2,,,man,0.3,0,3,4,check,400.0,0,0.0,200.0,,10,1000.0,0.0,800.0,-800.0,0,-800.0
"[4s,9s,3d,7h,9d]",2,,,CNN_45,0.36487168140457993,1,4,3,bet_small,400.0,100.0,4.0,200.0,0,100,1000.0,2000.0,800.0,1200.0,400.0,800.0
"[5c,6s,2c,7d,Kd]",2,,,man,0.3,0,3,4,raise_small,500.0,200.0,2.5,200.0,01,1001,1000.0,0.0,800.0,-800.0,-200.0,-600.0
"[4s,9s,3d,7h,9d]",2,,,CNN_45,0.36487168140457993,1,4,3,call_small,700.0,100.0,7.0,300.0,011,10011,1000.0,2000.0,700.0,1300.0,700.0,600.0
"[5c,6s,2c,7d,Kd]",2,"[5c,6s,2c,7d]","[5c,6s,2c,7d,Ks]",man,0.3,0,0,0,draw,800.0,0,0.0,400.0,,100110,1000.0,0.0,600.0,-600.0,0,-600.0
"[4s,9s,3d,7h,9d]",2,"[4s,3d,7h,9d]","[4s,3d,7h,9d,5d]",CNN_45,0.36487168140457993,1,0,0,draw,800.0,0,0.0,400.0,,100110,1000.0,2000.0,600.0,1400.0,800.0,600.0
"[5c,6s,2c,7d,Ks]",1,,,man,0.3,0,4,4,bet_big,800.0,200.0,4.0,400.0,,100110,1000.0,0.0,600.0,-600.0,-200.0,-400.0
"[4s,3d,7h,9d,5d]",1,,,CNN_45,0.62729742435422209,1,4,4,raise_big,1000.0,400.0,2.5,400.0,1,1001101,1000.0,2000.0,600.0,1400.0,1000.0,400.0
"[5c,6s,2c,7d,Ks]",1,,,man,0.3,0,4,4,call_big,1400.0,200.0,7.0,600.0,11,10011011,1000.0,0.0,400.0,-400.0,-200.0,-200.0
"[5c,6s,2c,7d,Ks]",1,"[5c,6s,2c,7d]","[5c,6s,2c,7d,Jh]",man,0.3,0,0,0,draw,1600.0,0,0.0,800.0,,100110110,1000.0,0.0,200.0,-200.0,0,-200.0
"[4s,3d,7h,9d,5d]",1,"[4s,3d,7h,9d,5d]","[4s,3d,7h,9d,5d]",CNN_45,0.62729742435422209,1,0,0,draw,1600.0,0,0.0,800.0,,100110110,1000.0,2000.0,200.0,1800.0,1600.0,200.0
"[5c,6s,2c,7d,Jh]",0,,,man,0.3,0,4,5,check,1600.0,0,0.0,800.0,,100110110,1000.0,0.0,200.0,-200.0,0,-200.0
"[4s,3d,7h,9d,5d]",0,,,CNN_45,0.62729742435422209,1,5,4,bet_big,1600.0,200.0,8.0,800.0,0,1001101100,1000.0,2000.0,200.0,1800.0,1600.0,200.0
"[5c,6s,2c,7d,Jh]",0,,,man,0.3,0,4,5,call_big,1800.0,200.0,9.0,800.0,01,10011011001,1000.0,0.0,200.0,-200.0,-200.0,0.0
"[2c,4c,3h,5c,Th]",3,,,CNN_45,0.3,0,0,0,pos_BB,0.0,100,0.0,0.0,,,1100.0,2000.0,1100.0,900.0,0.0,900.0
"[3s,Kd,9c,2d,Js]",3,,,man,0.3,1,0,0,pos_SB,100.0,50,2.0,0.0,,,900.0,0.0,900.0,-900.0,-50,-850.0
"[3s,Kd,9c,2d,Js]",3,,,man,0.3,1,0,0,raise_small,150.0,150.0,1.0,50.0,,,900.0,0.0,850.0,-850.0,-150.0,-700.0
"[2c,4c,3h,5c,Th]",3,,,CNN_45,0.59426120881041966,0,0,0,call_small,300.0,100.0,3.0,100.0,1,1,1100.0,2000.0,1000.0,1000.0,300.0,700.0
"[2c,4c,3h,5c,Th]",3,"[2c,4c,3h,5c]","[2c,4c,3h,5c,5h]",CNN_45,0.59426120881041966,0,0,0,draw,400.0,0,0.0,200.0,,10,1100.0,2000.0,900.0,1100.0,400.0,700.0
"[3s,Kd,9c,2d,Js]",3,"[3s,9c,2d]","[3s,9c,2d,2h,5s]",man,0.3,1,0,0,draw,400.0,0,0.0,200.0,,10,900.0,0.0,700.0,-700.0,0,-700.0
"[2c,4c,3h,5c,5h]",2,,,CNN_45,0.49033357087585666,0,4,3,bet_small,400.0,100.0,4.0,200.0,,10,1100.0,2000.0,900.0,1100.0,400.0,700.0
"[3s,9c,2d,2h,5s]",2,,,man,0.3,1,3,4,raise_small,500.0,200.0,2.5,200.0,1,101,900.0,0.0,700.0,-700.0,-200.0,-500.0
"[2c,4c,3h,5c,5h]",2,,,CNN_45,0.49033357087585666,0,4,3,raise_small,700.0,200.0,3.5,300.0,11,1011,1100.0,2000.0,800.0,1200.0,700.0,500.0
"[3s,9c,2d,2h,5s]",2,,,man,0.3,1,3,4,call_small,900.0,100.0,9.0,400.0,111,10111,900.0,0.0,500.0,-500.0,-100.0,-400.0
"[2c,4c,3h,5c,5h]",2,"[2c,4c,3h,5c]","[2c,4c,3h,5c,Qc]",CNN_45,0.49033357087585666,0,0,0,draw,1000.0,0,0.0,500.0,,101110,1100.0,2000.0,600.0,1400.0,1000.0,400.0
"[3s,9c,2d,2h,5s]",2,"[3s,9c,2d,5s]","[3s,9c,2d,5s,3d]",man,0.3,1,0,0,draw,1000.0,0,0.0,500.0,,101110,900.0,0.0,400.0,-400.0,0,-400.0
"[2c,4c,3h,5c,Qc]",1,,,CNN_45,0.28011356143228228,0,4,4,bet_big,1000.0,200.0,5.0,500.0,,101110,1100.0,2000.0,600.0,1400.0,1000.0,400.0
"[3s,9c,2d,5s,3d]",1,,,man,0.3,1,4,4,call_big,1200.0,200.0,6.0,500.0,1,1011101,900.0,0.0,400.0,-400.0,-200.0,-200.0
"[2c,4c,3h,5c,Qc]",1,"[2c,4c,3h,5c]","[2c,4c,3h,5c,4d]",CNN_45,0.28011356143228228,0,0,0,draw,1400.0,0,0.0,700.0,,10111010,1100.0,2000.0,400.0,1600.0,1400.0,200.0
"[3s,9c,2d,5s,3d]",1,"[3s,9c,2d,5s]","[3s,9c,2d,5s,9h]",man,0.3,1,0,0,draw,1400.0,0,0.0,700.0,,10111010,900.0,0.0,200.0,-200.0,0,-200.0
"[2c,4c,3h,5c,4d]",0,,,CNN_45,0.073205155869961347,0,4,4,check,1400.0,0,0.0,700.0,,10111010,1100.0,2000.0,400.0,1600.0,1400.0,200.0
"[3s,9c,2d,5s,9h]",0,,,man,0.3,1,4,4,bet_big,1400.0,200.0,7.0,700.0,0,101110100,900.0,0.0,200.0,-200.0,-200.0,0.0
"[2c,4c,3h,5c,4d]",0,,,CNN_45,0.073205155869961347,0,4,4,raise_big,1600.0,400.0,4.0,700.0,01,1011101001,1100.0,2000.0,400.0,1600.0,1600.0,0.0
"[3s,9c,2d,5s,9h]",0,,,man,0.3,1,4,4,FOLD,2000.0,0,0.0,900.0,011,10111010011,900.0,0.0,0.0,0.0,0,0
"[2c,Jh,Qh,Ts,As]",3,,,man,0.3,0,0,0,pos_BB,0.0,100,0.0,0.0,,,100.0,150.0,100.0,50.0,0.0,50.0
"[Kh,Ad,2d,3c,Tc]",3,,,CNN_45,0.3,1,0,0,pos_SB,100.0,50,2.0,0.0,,,50.0,0.0,50.0,-50.0,-50,0.0
"[Kh,Ad,2d,3c,Tc]",3,,,CNN_45,0.40020326405560097,1,0,0,FOLD,150.0,0,0.0,50.0,,,50.0,0.0,0.0,0.0,0,0
"[2c,Ah,4h,Kh,Ts]",3,,,CNN_45,0.3,0,0,0,pos_BB,0.0,100,0.0,0.0,,,900.0,1800.0,900.0,900.0,0.0,900.0
"[Kc,5h,Ks,9c,2d]",3,,,man,0.3,1,0,0,pos_SB,100.0,50,2.0,0.0,,,900.0,0.0,900.0,-900.0,-50,-850.0
"[Kc,5h,Ks,9c,2d]",3,,,man,0.3,1,0,0,raise_small,150.0,150.0,1.0,50.0,,,900.0,0.0,850.0,-850.0,-150.0,-700.0
"[2c,Ah,4h,Kh,Ts]",3,,,CNN_45,0.40645739642289297,0,0,0,call_small,300.0,100.0,3.0,100.0,1,1,900.0,1800.0,800.0,1000.0,300.0,700.0
"[2c,Ah,4h,Kh,Ts]",3,"[2c,4h]","[2c,4h,Ac,Td,Qc]",CNN_45,0.40645739642289297,0,0,0,draw,400.0,0,0.0,200.0,,10,900.0,1800.0,700.0,1100.0,400.0,700.0
"[Kc,5h,Ks,9c,2d]",3,"[5h,9c,2d]","[5h,9c,2d,7d,Jd]",man,0.3,1,0,0,draw,400.0,0,0.0,200.0,,10,900.0,0.0,700.0,-700.0,0,-700.0
"[2c,4h,Ac,Td,Qc]",2,,,CNN_45,0.27976794819173434,0,2,3,bet_small,400.0,100.0,4.0,200.0,,10,900.0,1800.0,700.0,1100.0,400.0,700.0
"[5h,9c,2d,7d,Jd]",2,,,man,0.3,1,3,2,call_small,500.0,100.0,5.0,200.0,1,101,900.0,0.0,700.0,-700.0,-100.0,-600.0
"[2c,4h,Ac,Td,Qc]",2,"[2c,4h]","[2c,4h,3h,5s,4c]",CNN_45,0.27976794819173434,0,0,0,draw,600.0,0,0.0,300.0,,1010,900.0,1800.0,600.0,1200.0,600.0,600.0
"[5h,9c,2d,7d,Jd]",2,"[5h,9c,2d,7d]","[5h,9c,2d,7d,7c]",man,0.3,1,0,0,draw,600.0,0,0.0,300.0,,1010,900.0,0.0,600.0,-600.0,0,-600.0
"[2c,4h,3h,5s,4c]",1,,,CNN_45,0.2744240367533376,0,2,4,bet_big,600.0,200.0,3.0,300.0,,1010,900.0,1800.0,600.0,1200.0,600.0,600.0
"[5h,9c,2d,7d,7c]",1,,,man,0.3,1,4,2,call_big,800.0,200.0,4.0,300.0,1,10101,900.0,0.0,600.0,-600.0,-200.0,-400.0
"[2c,4h,3h,5s,4c]",1,"[2c,3h,5s,4c]","[2c,3h,5s,4c,3d]",CNN_45,0.2744240367533376,0,0,0,draw,1000.0,0,0.0,500.0,,101010,900.0,1800.0,400.0,1400.0,1000.0,400.0
"[5h,9c,2d,7d,7c]",1,"[5h,9c,2d,7d]","[5h,9c,2d,7d,9d]",man,0.3,1,0,0,draw,1000.0,0,0.0,500.0,,101010,900.0,0.0,400.0,-400.0,0,-400.0
"[2c,3h,5s,4c,3d]",0,,,CNN_45,0.075421394047251122,0,4,4,bet_big,1000.0,200.0,5.0,500.0,,101010,900.0,1800.0,400.0,1400.0,1000.0,400.0
"[5h,9c,2d,7d,9d]",0,,,man,0.3,1,4,4,raise_big,1200.0,400.0,3.0,500.0,1,1010101,900.0,0.0,400.0,-400.0,-400.0,0.0
"[2c,3h,5s,4c,3d]",0,,,CNN_45,0.075421394047251122,0,4,4,call_big,1600.0,200.0,8.0,700.0,11,10101011,900.0,1800.0,200.0,1600.0,1600.0,0.0
"[Qd,8c,8s,As,Ks]",3,,,man,0.3,0,0,0,pos_BB,0.0,100,0.0,0.0,,,100.0,0.0,100.0,-100.0,-100,0.0
"[Th,4c,8d,Kc,Qh]",3,,,CNN_45,0.3,1,0,0,pos_SB,100.0,50,2.0,0.0,,,200.0,300.0,200.0,100.0,100.0,0.0
"[Th,4c,8d,Kc,Qh]",3,,,CNN_45,0.36007426864781322,1,0,0,call_small,150.0,50.0,3.0,50.0,,,200.0,300.0,150.0,150.0,150.0,0.0
"[Qd,8c,8s,As,Ks]",3,,,man,0.3,0,0,0,check,200.0,0,0.0,100.0,0,0,100.0,0.0,0.0,0.0,0,0
"[Qd,8c,8s,As,Ks]",3,[8c],"[8c,9c,6c,5c,Ac]",man,0.3,0,0,0,draw,200.0,0,0.0,100.0,,00,100.0,0.0,0.0,0.0,0,0
"[Th,4c,8d,Kc,Qh]",3,"[4c,8d]","[4c,8d,7h,Ah,7d]",CNN_45,0.36007426864781322,1,0,0,draw,200.0,0,0.0,100.0,,00,200.0,300.0,100.0,200.0,200.0,0.0
"[8c,9c,6c,5c,Ac]",2,,,man,0.3,0,1,2,check,200.0,0,0.0,100.0,,00,100.0,0.0,0.0,0.0,0,0
"[4c,8d,7h,Ah,7d]",2,,,CNN_45,0.29272454583452623,1,2,1,bet_small,200.0,100.0,2.0,100.0,0,000,200.0,300.0,100.0,200.0,200.0,0.0
"[8c,9c,6c,5c,Ac]",2,,,man,0.3,0,1,2,FOLD,300.0,0,0.0,100.0,01,0001,100.0,0.0,0.0,0.0,0,0
"[2c,Td,7s,Jh,4h]",3,,,CNN_45,0.3,0,0,0,pos_BB,0.0,100,0.0,0.0,,,900.0,1800.0,900.0,900.0,0.0,900.0
"[6h,6d,Kh,4c,7c]",3,,,man,0.3,1,0,0,pos_SB,100.0,50,2.0,0.0,,,900.0,0.0,900.0,-900.0,-50,-850.0
"[6h,6d,Kh,4c,7c]",3,,,man,0.3,1,0,0,call_small,150.0,50.0,3.0,50.0,,,900.0,0.0,850.0,-850.0,-50.0,-800.0
"[2c,Td,7s,Jh,4h]",3,,,CNN_45,0.48486830270954306,0,0,0,check,200.0,0,0.0,100.0,0,0,900.0,1800.0,800.0,1000.0,200.0,800.0
"[2c,Td,7s,Jh,4h]",3,"[2c,7s,4h]","[2c,7s,4h,3c,6s]",CNN_45,0.48486830270954306,0,0,0,draw,200.0,0,0.0,100.0,,00,900.0,1800.0,800.0,1000.0,200.0,800.0
"[6h,6d,Kh,4c,7c]",3,"[6h,4c,7c]","[6h,4c,7c,3h,9d]",man,0.3,1,0,0,draw,200.0,0,0.0,100.0,,00,900.0,0.0,800.0,-800.0,0,-800.0
"[2c,7s,4h,3c,6s]",2,,,CNN_45,0.89695304358517969,0,3,3,bet_small,200.0,100.0,2.0,100.0,,00,900.0,1800.0,800.0,1000.0,200.0,800.0
"[6h,4c,7c,3h,9d]",2,,,man,0.3,1,3,3,raise_small,300.0,200.0,1.5,100.0,1,001,900.0,0.0,800.0,-800.0,-200.0,-600.0
"[2c,7s,4h,3c,6s]",2,,,CNN_45,0.89695304358517969,0,3,3,raise_small,500.0,200.0,2.5,200.0,11,0011,900.0,1800.0,700.0,1100.0,500.0,600.0
"[6h,4c,7c,3h,9d]",2,,,man,0.3,1,3,3,raise_small,700.0,200.0,3.5,300.0,111,00111,900.0,0.0,600.0,-600.0,-200.0,-400.0
"[2c,7s,4h,3c,6s]",2,,,CNN_45,0.89695304358517969,0,3,3,call_small,900.0,100.0,9.0,400.0,1111,001111,900.0,1800.0,500.0,1300.0,900.0,400.0
"[2c,7s,4h,3c,6s]",2,"[2c,7s,4h,3c,6s]","[2c,7s,4h,3c,6s]",CNN_45,0.89695304358517969,0,0,0,draw,1000.0,0,0.0,500.0,,0011110,900.0,1800.0,400.0,1400.0,1000.0,400.0
"[6h,4c,7c,3h,9d]",2,"[6h,4c,7c,3h,9d]","[6h,4c,7c,3h,9d]",man,0.3,1,0,0,draw,1000.0,0,0.0,500.0,,0011110,900.0,0.0,400.0,-400.0,0,-400.0
"[2c,7s,4h,3c,6s]",1,,,CNN_45,0.95707866034471456,0,5,5,bet_big,1000.0,200.0,5.0,500.0,,0011110,900.0,1800.0,400.0,1400.0,1000.0,400.0
"[6h,4c,7c,3h,9d]",1,,,man,0.3,1,5,5,call_big,1200.0,200.0,6.0,500.0,1,00111101,900.0,0.0,400.0,-400.0,-200.0,-200.0
"[2c,7s,4h,3c,6s]",1,"[2c,7s,4h,3c,6s]","[2c,7s,4h,3c,6s]",CNN_45,0.95707866034471456,0,0,0,draw,1400.0,0,0.0,700.0,,001111010,900.0,1800.0,200.0,1600.0,1400.0,200.0
"[6h,4c,7c,3h,9d]",1,"[6h,4c,7c,3h,9d]","[6h,4c,7c,3h,9d]",man,0.3,1,0,0,draw,1400.0,0,0.0,700.0,,001111010,900.0,0.0,200.0,-200.0,0,-200.0
"[2c,7s,4h,3c,6s]",0,,,CNN_45,0.95707866034471456,0,5,5,bet_big,1400.0,200.0,7.0,700.0,,001111010,900.0,1800.0,200.0,1600.0,1400.0,200.0
"[6h,4c,7c,3h,9d]",0,,,man,0.3,1,5,5,call_big,1600.0,200.0,8.0,700.0,1,0011110101,900.0,0.0,200.0,-200.0,-200.0,0.0
"[6s,6d,6h,Qs,5c]",3,,,man,0.3,0,0,0,pos_BB,0.0,100,0.0,0.0,,,200.0,0.0,200.0,-200.0,-100,-100.0
"[7c,7d,Qc,8s,4h]",3,,,CNN_45,0.3,1,0,0,pos_SB,100.0,50,2.0,0.0,,,400.0,600.0,400.0,200.0,100.0,100.0
"[7c,7d,Qc,8s,4h]",3,,,CNN_45,0.41303209296748994,1,0,0,raise_small,150.0,150.0,1.0,50.0,,,400.0,600.0,350.0,250.0,150.0,100.0
"[6s,6d,6h,Qs,5c]",3,,,man,0.3,0,0,0,call_small,300.0,100.0,3.0,100.0,1,1,200.0,0.0,100.0,-100.0,-100.0,0.0
"[6s,6d,6h,Qs,5c]",3,"[6s,5c]","[6s,5c,Th,3c,Ts]",man,0.3,0,0,0,draw,400.0,0,0.0,200.0,,10,200.0,0.0,0.0,0.0,0,0
"[7c,7d,Qc,8s,4h]",3,"[7c,8s,4h]","[7c,8s,4h,6c,2d]",CNN_45,0.41303209296748994,1,0,0,draw,400.0,0,0.0,200.0,,10,400.0,600.0,200.0,400.0,400.0,0.0
"[6s,5c,Th,3c,Ts]",2,,,man,0.3,0,2,3,check,400.0,0,0.0,200.0,,10,200.0,0.0,0.0,0.0,0,0
"[7c,8s,4h,6c,2d]",2,,,CNN_45,0.75885024932218847,1,3,2,check,400.0,0,0.0,200.0,0,100,400.0,600.0,200.0,400.0,400.0,0.0
"[6s,5c,Th,3c,Ts]",2,"[6s,5c,3c]","[6s,5c,3c,4d,4c]",man,0.3,0,0,0,draw,400.0,0,0.0,200.0,,1000,200.0,0.0,0.0,0.0,0,0
"[7c,8s,4h,6c,2d]",2,"[7c,8s,4h,6c,2d]","[7c,8s,4h,6c,2d]",CNN_45,0.75885024932218847,1,0,0,draw,400.0,0,0.0,200.0,,1000,400.0,600.0,200.0,400.0,400.0,0.0
"[6s,5c,3c,4d,4c]",1,,,man,0.3,0,3,5,check,400.0,0,0.0,200.0,,1000,200.0,0.0,0.0,0.0,0,0
"[7c,8s,4h,6c,2d]",1,,,CNN_45,0.76608079658666883,1,5,3,bet_big,400.0,200.0,2.0,200.0,0,10000,400.0,600.0,200.0,400.0,400.0,0.0
"[6s,5c,3c,4d,4c]",1,,,man,0.3,0,3,5,FOLD,600.0,0,0.0,200.0,01,100001,200.0,0.0,0.0,0.0,0,0
"[Ah,Jh,9h,As,6d]",3,,,CNN_45,0.3,0,0,0,pos_BB,0.0,100,0.0,0.0,,,100.0,0.0,100.0,-100.0,-100,0.0
"[7s,Qd,4c,3d,Kc]",3,,,man,0.3,1,0,0,pos_SB,100.0,50,2.0,0.0,,,200.0,300.0,200.0,100.0,100.0,0.0
"[7s,Qd,4c,3d,Kc]",3,,,man,0.3,1,0,0,raise_small,150.0,150.0,1.0,50.0,,,200.0,300.0,150.0,150.0,150.0,0.0
"[Ah,Jh,9h,As,6d]",3,,,CNN_45,0.33368479576218729,0,0,0,FOLD,300.0,0,0.0,100.0,1,1,100.0,0.0,0.0,0.0,0,0
"[9c,8c,Ad,2s,4s]",3,,,man,0.3,0,0,0,pos_BB,0.0,100,0.0,0.0,,,1000.0,2000.0,1000.0,1000.0,0.0,1000.0
"[9d,Td,6c,6s,7s]",3,,,CNN_45,0.3,1,0,0,pos_SB,100.0,50,2.0,0.0,,,1000.0,0.0,1000.0,-1000.0,-50,-950.0
"[9d,Td,6c,6s,7s]",3,,,CNN_45,0.32766466774152314,1,0,0,call_small,150.0,50.0,3.0,50.0,,,1000.0,0.0,950.0,-950.0,-50.0,-900.0
"[9c,8c,Ad,2s,4s]",3,,,man,0.3,0,0,0,raise_small,200.0,100.0,2.0,100.0,0,0,1000.0,2000.0,900.0,1100.0,200.0,900.0
"[9d,Td,6c,6s,7s]",3,,,CNN_45,0.32766466774152314,1,0,0,raise_small,300.0,200.0,1.5,100.0,01,01,1000.0,0.0,900.0,-900.0,-200.0,-700.0
"[9c,8c,Ad,2s,4s]",3,,,man,0.3,0,0,0,call_small,500.0,100.0,5.0,200.0,011,011,1000.0,2000.0,800.0,1200.0,500.0,700.0
"[9c,8c,Ad,2s,4s]",3,"[9c,8c,2s,4s]","[9c,8c,2s,4s,2h]",man,0.3,0,0,0,draw,600.0,0,0.0,300.0,,0110,1000.0,2000.0,700.0,1300.0,600.0,700.0
"[9d,Td,6c,6s,7s]",3,"[6c,7s]","[6c,7s,Th,4d,3d]",CNN_45,0.32766466774152314,1,0,0,draw,600.0,0,0.0,300.0,,0110,1000.0,0.0,700.0,-700.0,0,-700.0
"[9c,8c,2s,4s,2h]",2,,,man,0.3,0,4,2,bet_small,600.0,100.0,6.0,300.0,,0110,1000.0,2000.0,700.0,1300.0,600.0,700.0
"[6c,7s,Th,4d,3d]",2,,,CNN_45,0.45383596183068931,1,2,4,call_small,700.0,100.0,7.0,300.0,1,01101,1000.0,0.0,700.0,-700.0,-100.0,-600.0
"[9c,8c,2s,4s,2h]",2,"[9c,8c,2s,4s]","[9c,8c,2s,4s,9s]",man,0.3,0,0,0,draw,800.0,0,0.0,400.0,,011010,1000.0,2000.0,600.0,1400.0,800.0,600.0
"[6c,7s,Th,4d,3d]",2,"[6c,7s,4d,3d]","[6c,7s,4d,3d,4c]",CNN_45,0.45383596183068931,1,0,0,draw,800.0,0,0.0,400.0,,011010,1000.0,0.0,600.0,-600.0,0,-600.0
"[9c,8c,2s,4s,9s]",1,,,man,0.3,0,4,4,check,800.0,0,0.0,400.0,,011010,1000.0,2000.0,600.0,1400.0,800.0,600.0
"[6c,7s,4d,3d,4c]",1,,,CNN_45,0.3028484263536369,1,4,4,bet_big,800.0,200.0,4.0,400.0,0,0110100,1000.0,0.0,600.0,-600.0,-200.0,-400.0
"[9c,8c,2s,4s,9s]",1,,,man,0.3,0,4,4,raise_big,1000.0,400.0,2.5,400.0,01,01101001,1000.0,2000.0,600.0,1400.0,1000.0,400.0
"[6c,7s,4d,3d,4c]",1,,,CNN_45,0.3028484263536369,1,4,4,raise_big,1400.0,400.0,3.5,600.0,011,011010011,1000.0,0.0,400.0,-400.0,-400.0,0.0
"[9c,8c,2s,4s,9s]",1,,,man,0.3,0,4,4,call_big,1800.0,200.0,9.0,800.0,0111,0110100111,1000.0,2000.0,200.0,1800.0,1800.0,0.0
"[9c,8c,2s,4s,9s]",1,"[8c,2s,4s]","[8c,2s,4s,Jc,As]",man,0.3,0,0,0,draw,2000.0,0,0.0,1000.0,,01101001110,1000.0,2000.0,0.0,2000.0,2000.0,0.0
"[6c,7s,4d,3d,4c]",1,"[6c,7s,3d,4c]","[6c,7s,3d,4c,5h]",CNN_45,0.3028484263536369,1,0,0,draw,2000.0,0,0.0,1000.0,,01101001110,1000.0,0.0,0.0,0.0,0,0
"[8c,2s,4s,Jc,As]",0,,,man,0.3,0,3,4,check,2000.0,0,0.0,1000.0,,01101001110,1000.0,2000.0,0.0,2000.0,2000.0,0.0
"[6c,7s,3d,4c,5h]",0,,,CNN_45,0.2842662806003185,1,4,3,check,2000.0,0,0.0,1000.0,0,011010011100,1000.0,0.0,0.0,0.0,0,0
"[2s,4s,5c,7s,Kh]",3,,,CNN_45,0.3,0,0,0,pos_BB,0.0,100,0.0,0.0,,,500.0,0.0,500.0,-500.0,-100,-400.0
"[4d,6s,3s,Ks,2c]",3,,,man,0.3,1,0,0,pos_SB,100.0,50,2.0,0.0,,,500.0,1000.0,500.0,500.0,100.0,400.0
"[4d,6s,3s,Ks,2c]",3,,,man,0.3,1,0,0,raise_small,150.0,150.0,1.0,50.0,,,500.0,1000.0,450.0,550.0,150.0,400.0
"[2s,4s,5c,7s,Kh]",3,,,CNN_45,0.58695541452805544,0,0,0,call_small,300.0,100.0,3.0,100.0,1,1,500.0,0.0,400.0,-400.0,-100.0,-300.0
"[2s,4s,5c,7s,Kh]",3,"[2s,4s,5c,7s]","[2s,4s,5c,7s,Qs]",CNN_45,0.58695541452805544,0,0,0,draw,400.0,0,0.0,200.0,,10,500.0,0.0,300.0,-300.0,0,-300.0
"[4d,6s,3s,Ks,2c]",3,"[4d,6s,3s,2c]","[4d,6s,3s,2c,6h]",man,0.3,1,0,0,draw,400.0,0,0.0,200.0,,10,500.0,1000.0,300.0,700.0,400.0,300.0
"[2s,4s,5c,7s,Qs]",2,,,CNN_45,0.45737080468756125,0,4,4,bet_small,400.0,100.0,4.0,200.0,,10,500.0,0.0,300.0,-300.0,-100.0,-200.0
"[4d,6s,3s,2c,6h]",2,,,man,0.3,1,4,4,call_small,500.0,100.0,5.0,200.0,1,101,500.0,1000.0,300.0,700.0,500.0,200.0
"[2s,4s,5c,7s,Qs]",2,"[2s,4s,5c,7s]","[2s,4s,5c,7s,Ah]",CNN_45,0.45737080468756125,0,0,0,draw,600.0,0,0.0,300.0,,1010,500.0,0.0,200.0,-200.0,0,-200.0
"[4d,6s,3s,2c,6h]",2,"[4d,6s,3s,2c]","[4d,6s,3s,2c,Jd]",man,0.3,1,0,0,draw,600.0,0,0.0,300.0,,1010,500.0,1000.0,200.0,800.0,600.0,200.0
"[2s,4s,5c,7s,Ah]",1,,,CNN_45,0.2817684427471645,0,4,4,bet_big,600.0,200.0,3.0,300.0,,1010,500.0,0.0,200.0,-200.0,-200.0,0.0
"[4d,6s,3s,2c,Jd]",1,,,man,0.3,1,4,4,call_big,800.0,200.0,4.0,300.0,1,10101,500.0,1000.0,200.0,800.0,800.0,0.0
"[2s,4s,5c,7s,Ah]",1,"[2s,4s,5c,7s]","[2s,4s,5c,7s,5s]",CNN_45,0.2817684427471645,0,0,0,draw,1000.0,0,0.0,500.0,,101010,500.0,0.0,0.0,0.0,0,0
"[4d,6s,3s,2c,Jd]",1,"[4d,6s,3s,2c,Jd]","[4d,6s,3s,2c,Jd]",man,0.3,1,0,0,draw,1000.0,0,0.0,500.0,,101010,500.0,1000.0,0.0,1000.0,1000.0,0.0
"[2s,4s,5c,7s,5s]",0,,,CNN_45,0.082771533510740722,0,4,5,check,1000.0,0,0.0,500.0,,101010,500.0,0.0,0.0,0.0,0,0
"[4d,6s,3s,2c,Jd]",0,,,man,0.3,1,5,4,check,1000.0,0,0.0,500.0,0,1010100,500.0,1000.0,0.0,1000.0,1000.0,0.0
"[3d,2c,Kh,5d,Th]",3,,,man,0.3,0,0,0,pos_BB,0.0,100,0.0,0.0,,,300.0,500.0,300.0,200.0,0.0,200.0
"[3c,Ks,Jc,Tc,9s]",3,,,CNN_45,0.3,1,0,0,pos_SB,100.0,50,2.0,0.0,,,200.0,0.0,200.0,-200.0,-50,-150.0
"[3c,Ks,Jc,Tc,9s]",3,,,CNN_45,0.33284651418377031,1,0,0,raise_small,150.0,150.0,1.0,50.0,,,200.0,0.0,150.0,-150.0,-150.0,0.0
"[3d,2c,Kh,5d,Th]",3,,,man,0.3,0,0,0,raise_small,300.0,200.0,1.5,100.0,1,1,300.0,500.0,200.0,300.0,300.0,0.0
"[3c,Ks,Jc,Tc,9s]",3,,,CNN_45,0.33284651418377031,1,0,0,FOLD,500.0,0,0.0,200.0,11,11,200.0,0.0,0.0,0.0,0,0
"[Jd,6h,9h,7s,8s]",3,,,CNN_45,0.3,0,0,0,pos_BB,0.0,100,0.0,0.0,,,200.0,300.0,200.0,100.0,0.0,100.0
"[Js,5c,7h,Td,6c]",3,,,man,0.3,1,0,0,pos_SB,100.0,50,2.0,0.0,,,100.0,0.0,100.0,-100.0,-50,-50.0
"[Js,5c,7h,Td,6c]",3,,,man,0.3,1,0,0,call_small,150.0,50.0,3.0,50.0,,,100.0,0.0,50.0,-50.0,-50.0,0.0
"[Jd,6h,9h,7s,8s]",3,,,CNN_45,0.35518512521250412,0,0,0,check,200.0,0,0.0,100.0,0,0,200.0,300.0,100.0,200.0,200.0,0.0
"[Jd,6h,9h,7s,8s]",3,"[6h,7s,8s]","[6h,7s,8s,6s,3s]",CNN_45,0.35518512521250412,0,0,0,draw,200.0,0,0.0,100.0,,00,200.0,300.0,100.0,200.0,200.0,0.0
"[Js,5c,7h,Td,6c]",3,"[5c,7h,6c]","[5c,7h,6c,4c,4h]",man,0.3,1,0,0,draw,200.0,0,0.0,100.0,,00,100.0,0.0,0.0,0.0,0,0
"[6h,7s,8s,6s,3s]",2,,,CNN_45,0.41113160709278562,0,3,3,bet_small,200.0,100.0,2.0,100.0,,00,200.0,300.0,100.0,200.0,200.0,0.0
"[5c,7h,6c,4c,4h]",2,,,man,0.3,1,3,3,FOLD,300.0,0,0.0,100.0,1,001,100.0,0.0,0.0,0.0,0,0
"[2h,6d,Jc,Kd,7h]",3,,,man,0.3,0,0,0,pos_BB,0.0,100,0.0,0.0,,,500.0,800.0,500.0,300.0,0.0,300.0
"[Qc,8h,3s,4s,4c]",3,,,CNN_45,0.3,1,0,0,pos_SB,100.0,50,2.0,0.0,,,300.0,0.0,300.0,-300.0,-50,-250.0
"[Qc,8h,3s,4s,4c]",3,,,CNN_45,0.45538748737167162,1,0,0,call_small,150.0,50.0,3.0,50.0,,,300.0,0.0,250.0,-250.0,-50.0,-200.0
"[2h,6d,Jc,Kd,7h]",3,,,man,0.3,0,0,0,raise_small,200.0,100.0,2.0,100.0,0,0,500.0,800.0,400.0,400.0,200.0,200.0
"[Qc,8h,3s,4s,4c]",3,,,CNN_45,0.45538748737167162,1,0,0,call_small,300.0,100.0,3.0,100.0,01,01,300.0,0.0,200.0,-200.0,-100.0,-100.0
"[2h,6d,Jc,Kd,7h]",3,"[2h,6d,7h]","[2h,6d,7h,6h,5h]",man,0.3,0,0,0,draw,400.0,0,0.0,200.0,,010,500.0,800.0,300.0,500.0,400.0,100.0
"[Qc,8h,3s,4s,4c]",3,"[8h,3s,4c]","[8h,3s,4c,3c,Qd]",CNN_45,0.45538748737167162,1,0,0,draw,400.0,0,0.0,200.0,,010,300.0,0.0,100.0,-100.0,0,-100.0
"[2h,6d,7h,6h,5h]",2,,,man,0.3,0,3,3,bet_small,400.0,100.0,4.0,200.0,,010,500.0,800.0,300.0,500.0,400.0,100.0
"[8h,3s,4c,3c,Qd]",2,,,CNN_45,0.32998039556993386,1,3,3,call_small,500.0,100.0,5.0,200.0,1,0101,300.0,0.0,100.0,-100.0,-100.0,0.0
"[2h,6d,7h,6h,5h]",2,"[2h,6d,7h,5h]","[2h,6d,7h,5h,4d]",man,0.3,0,0,0,draw,600.0,0,0.0,300.0,,01010,500.0,800.0,200.0,600.0,600.0,0.0
"[8h,3s,4c,3c,Qd]",2,"[8h,4c,3c]","[8h,4c,3c,9d,Kc]",CNN_45,0.32998039556993386,1,0,0,draw,600.0,0,0.0,300.0,,01010,300.0,0.0,0.0,0.0,0,0
"[2h,6d,7h,5h,4d]",1,,,man,0.3,0,4,3,bet_big,600.0,200.0,3.0,300.0,,01010,500.0,800.0,200.0,600.0,600.0,0.0
"[8h,4c,3c,9d,Kc]",1,,,CNN_45,0.24343077505546856,1,3,4,FOLD,800.0,0,0.0,300.0,1,010101,300.0,0.0,0.0,0.0,0,0
"[Kh,8c,Ah,9h,Th]",3,,,CNN_45,0.3,0,0,0,pos_BB,0.0,100,0.0,0.0,,,100.0,0.0,100.0,-100.0,-100,0.0
"[5d,Js,Ac,2h,8d]",3,,,man,0.3,1,0,0,pos_SB,100.0,50,2.0,0.0,,,200.0,300.0,200.0,100.0,100.0,0.0
"[5d,Js,Ac,2h,8d]",3,,,man,0.3,1,0,0,raise_small,150.0,150.0,1.0,50.0,,,200.0,300.0,150.0,150.0,150.0,0.0
"[Kh,8c,Ah,9h,Th]",3,,,CNN_45,0.29024515754979308,0,0,0,FOLD,300.0,0,0.0,100.0,1,1,100.0,0.0,0.0,0.0,0,0
"[4s,7c,3h,5d,Js]",3,,,man,0.3,0,0,0,pos_BB,0.0,100,0.0,0.0,,,600.0,0.0,600.0,-600.0,-100,-500.0
"[2h,Qc,5s,Ks,9s]",3,,,CNN_45,0.3,1,0,0,pos_SB,100.0,50,2.0,0.0,,,800.0,1400.0,800.0,600.0,100.0,500.0
"[2h,Qc,5s,Ks,9s]",3,,,CNN_45,0.42241393371971425,1,0,0,raise_small,150.0,150.0,1.0,50.0,,,800.0,1400.0,750.0,650.0,150.0,500.0
"[4s,7c,3h,5d,Js]",3,,,man,0.3,0,0,0,call_small,300.0,100.0,3.0,100.0,1,1,600.0,0.0,500.0,-500.0,-100.0,-400.0
"[4s,7c,3h,5d,Js]",3,"[4s,7c,3h,5d]","[4s,7c,3h,5d,4h]",man,0.3,0,0,0,draw,400.0,0,0.0,200.0,,10,600.0,0.0,400.0,-400.0,0,-400.0
"[2h,Qc,5s,Ks,9s]",3,"[2h,5s,9s]","[2h,5s,9s,Tc,6d]",CNN_45,0.42241393371971425,1,0,0,draw,400.0,0,0.0,200.0,,10,800.0,1400.0,600.0,800.0,400.0,400.0
"[4s,7c,3h,5d,4h]",2,,,man,0.3,0,4,3,check,400.0,0,0.0,200.0,,10,600.0,0.0,400.0,-400.0,0,-400.0
"[2h,5s,9s,Tc,6d]",2,,,CNN_45,0.38263130497445152,1,3,4,bet_small,400.0,100.0,4.0,200.0,0,100,800.0,1400.0,600.0,800.0,400.0,400.0
"[4s,7c,3h,5d,4h]",2,,,man,0.3,0,4,3,raise_small,500.0,200.0,2.5,200.0,01,1001,600.0,0.0,400.0,-400.0,-200.0,-200.0
"[2h,5s,9s,Tc,6d]",2,,,CNN_45,0.38263130497445152,1,3,4,call_small,700.0,100.0,7.0,300.0,011,10011,800.0,1400.0,500.0,900.0,700.0,200.0
"[4s,7c,3h,5d,4h]",2,"[4s,7c,3h,5d]","[4s,7c,3h,5d,Kh]",man,0.3,0,0,0,draw,800.0,0,0.0,400.0,,100110,600.0,0.0,200.0,-200.0,0,-200.0
"[2h,5s,9s,Tc,6d]",2,"[2h,5s,9s,6d]","[2h,5s,9s,6d,3c]",CNN_45,0.38263130497445152,1,0,0,draw,800.0,0,0.0,400.0,,100110,800.0,1400.0,400.0,1000.0,800.0,200.0
"[4s,7c,3h,5d,Kh]",1,,,man,0.3,0,4,4,bet_big,800.0,200.0,4.0,400.0,,100110,600.0,0.0,200.0,-200.0,-200.0,0.0
"[2h,5s,9s,6d,3c]",1,,,CNN_45,0.70284579816570436,1,4,4,call_big,1000.0,200.0,5.0,400.0,1,1001101,800.0,1400.0,400.0,1000.0,1000.0,0.0
"[4s,7c,3h,5d,Kh]",1,"[4s,7c,3h,5d]","[4s,7c,3h,5d,3d]",man,0.3,0,0,0,draw,1200.0,0,0.0,600.0,,10011010,600.0,0.0,0.0,0.0,0,0
"[2h,5s,9s,6d,3c]",1,"[2h,5s,9s,6d,3c]","[2h,5s,9s,6d,3c]",CNN_45,0.70284579816570436,1,0,0,draw,1200.0,0,0.0,600.0,,10011010,800.0,1400.0,200.0,1200.0,1200.0,0.0
"[4s,7c,3h,5d,3d]",0,,,man,0.3,0,4,5,check,1200.0,0,0.0,600.0,,10011010,600.0,0.0,0.0,0.0,0,0
"[2h,5s,9s,6d,3c]",0,,,CNN_45,0.70284579816570436,1,5,4,bet_big,1200.0,200.0,6.0,600.0,0,100110100,800.0,1400.0,200.0,1200.0,1200.0,0.0
"[4s,7c,3h,5d,3d]",0,,,man,0.3,0,4,5,FOLD,1400.0,0,0.0,600.0,01,1001101001,600.0,0.0,0.0,0.0,0,0
"[9d,7h,Qc,Qh,2s]",3,,,CNN_45,0.3,0,0,0,pos_BB,0.0,100,0.0,0.0,,,300.0,0.0,300.0,-300.0,-100,-200.0
"[6d,Jh,7c,2h,3c]",3,,,man,0.3,1,0,0,pos_SB,100.0,50,2.0,0.0,,,400.0,700.0,400.0,300.0,100.0,200.0
"[6d,Jh,7c,2h,3c]",3,,,man,0.3,1,0,0,raise_small,150.0,150.0,1.0,50.0,,,400.0,700.0,350.0,350.0,150.0,200.0
"[9d,7h,Qc,Qh,2s]",3,,,CNN_45,0.3967979896090495,0,0,0,call_small,300.0,100.0,3.0,100.0,1,1,300.0,0.0,200.0,-200.0,-100.0,-100.0
"[9d,7h,Qc,Qh,2s]",3,"[9d,7h,2s]","[9d,7h,2s,Qs,Ks]",CNN_45,0.3967979896090495,0,0,0,draw,400.0,0,0.0,200.0,,10,300.0,0.0,100.0,-100.0,0,-100.0
"[6d,Jh,7c,2h,3c]",3,"[6d,7c,2h,3c]","[6d,7c,2h,3c,Td]",man,0.3,1,0,0,draw,400.0,0,0.0,200.0,,10,400.0,700.0,200.0,500.0,400.0,100.0
"[9d,7h,2s,Qs,Ks]",2,,,CNN_45,0.27827735327549047,0,3,4,bet_small,400.0,100.0,4.0,200.0,,10,300.0,0.0,100.0,-100.0,-100.0,0.0
"[6d,7c,2h,3c,Td]",2,,,man,0.3,1,4,3,raise_small,500.0,200.0,2.5,200.0,1,101,400.0,700.0,200.0,500.0,500.0,0.0
"[9d,7h,2s,Qs,Ks]",2,,,CNN_45,0.27827735327549047,0,3,4,FOLD,700.0,0,0.0,300.0,11,1011,300.0,0.0,0.0,0.0,0,0
"[Qc,5d,6d,8s,2c]",3,,,man,0.3,0,0,0,pos_BB,0.0,100,0.0,0.0,,,400.0,700.0,400.0,300.0,0.0,300.0
"[Kd,9d,5c,8c,Kc]",3,,,CNN_45,0.3,1,0,0,pos_SB,100.0,50,2.0,0.0,,,300.0,0.0,300.0,-300.0,-50,-250.0
"[Kd,9d,5c,8c,Kc]",3,,,CNN_45,0.34802119400954973,1,0,0,raise_small,150.0,150.0,1.0,50.0,,,300.0,0.0,250.0,-250.0,-150.0,-100.0
"[Qc,5d,6d,8s,2c]",3,,,man,0.3,0,0,0,raise_small,300.0,200.0,1.5,100.0,1,1,400.0,700.0,300.0,400.0,300.0,100.0
"[Kd,9d,5c,8c,Kc]",3,,,CNN_45,0.34802119400954973,1,0,0,call_small,500.0,100.0,5.0,200.0,11,11,300.0,0.0,100.0,-100.0,-100.0,0.0
"[Qc,5d,6d,8s,2c]",3,"[5d,6d,8s,2c]","[5d,6d,8s,2c,Qs]",man,0.3,0,0,0,draw,600.0,0,0.0,300.0,,110,400.0,700.0,100.0,600.0,600.0,0.0
"[Kd,9d,5c,8c,Kc]",3,"[9d,5c,8c]","[9d,5c,8c,Ad,Ac]",CNN_45,0.34802119400954973,1,0,0,draw,600.0,0,0.0,300.0,,110,300.0,0.0,0.0,0.0,0,0
"[5d,6d,8s,2c,Qs]",2,,,man,0.3,0,4,3,bet_small,600.0,100.0,6.0,300.0,,110,400.0,700.0,100.0,600.0,600.0,0.0
"[9d,5c,8c,Ad,Ac]",2,,,CNN_45,0.25179179442063748,1,3,4,FOLD,700.0,0,0.0,300.0,1,1101,300.0,0.0,0.0,0.0,0,0
"[6d,Jh,9h,Qs,Qh]",3,,,CNN_45,0.3,0,0,0,pos_BB,0.0,100,0.0,0.0,,,500.0,0.0,500.0,-500.0,-100,-400.0
"[5d,2h,Ah,9d,5c]",3,,,man,0.3,1,0,0,pos_SB,100.0,50,2.0,0.0,,,500.0,1000.0,500.0,500.0,100.0,400.0
"[5d,2h,Ah,9d,5c]",3,,,man,0.3,1,0,0,raise_small,150.0,150.0,1.0,50.0,,,500.0,1000.0,450.0,550.0,150.0,400.0
"[6d,Jh,9h,Qs,Qh]",3,,,CNN_45,0.31913012414045172,0,0,0,call_small,300.0,100.0,3.0,100.0,1,1,500.0,0.0,400.0,-400.0,-100.0,-300.0
"[6d,Jh,9h,Qs,Qh]",3,"[6d,9h]","[6d,9h,Ac,7h,8c]",CNN_45,0.31913012414045172,0,0,0,draw,400.0,0,0.0,200.0,,10,500.0,0.0,300.0,-300.0,0,-300.0
"[5d,2h,Ah,9d,5c]",3,"[5d,2h,9d]","[5d,2h,9d,7s,Jc]",man,0.3,1,0,0,draw,400.0,0,0.0,200.0,,10,500.0,1000.0,300.0,700.0,400.0,300.0
"[6d,9h,Ac,7h,8c]",2,,,CNN_45,0.27187683610917635,0,2,3,bet_small,400.0,100.0,4.0,200.0,,10,500.0,0.0,300.0,-300.0,-100.0,-200.0
"[5d,2h,9d,7s,Jc]",2,,,man,0.3,1,3,2,call_small,500.0,100.0,5.0,200.0,1,101,500.0,1000.0,300.0,700.0,500.0,200.0
"[6d,9h,Ac,7h,8c]",2,"[6d,7h,8c]","[6d,7h,8c,5h,6c]",CNN_45,0.27187683610917635,0,0,0,draw,600.0,0,0.0,300.0,,1010,500.0,0.0,200.0,-200.0,0,-200.0
"[5d,2h,9d,7s,Jc]",2,"[5d,2h,9d,7s]","[5d,2h,9d,7s,Ks]",man,0.3,1,0,0,draw,600.0,0,0.0,300.0,,1010,500.0,1000.0,200.0,800.0,600.0,200.0
"[6d,7h,8c,5h,6c]",1,,,CNN_45,0.22724137781698134,0,3,4,bet_big,600.0,200.0,3.0,300.0,,1010,500.0,0.0,200.0,-200.0,-200.0,0.0
"[5d,2h,9d,7s,Ks]",1,,,man,0.3,1,4,3,call_big,800.0,200.0,4.0,300.0,1,10101,500.0,1000.0,200.0,800.0,800.0,0.0
"[6d,7h,8c,5h,6c]",1,"[7h,8c,5h,6c]","[7h,8c,5h,6c,9c]",CNN_45,0.22724137781698134,0,0,0,draw,1000.0,0,0.0,500.0,,101010,500.0,0.0,0.0,0.0,0,0
"[5d,2h,9d,7s,Ks]",1,"[5d,2h,9d,7s]","[5d,2h,9d,7s,Th]",man,0.3,1,0,0,draw,1000.0,0,0.0,500.0,,101010,500.0,1000.0,0.0,1000.0,1000.0,0.0
"[7h,8c,5h,6c,9c]",0,,,CNN_45,0.20098488308838616,0,4,4,check,1000.0,0,0.0,500.0,,101010,500.0,0.0,0.0,0.0,0,0
"[5d,2h,9d,7s,Th]",0,,,man,0.3,1,4,4,check,1000.0,0,0.0,500.0,0,1010100,500.0,1000.0,0.0,1000.0,1000.0,0.0
